{"target_draw": 863, "epoch": 100, "loss": 0.039985839277505875, "matches": 2, "stability": "6/7", "lr": 0.0010000000474974513, "predicted_7": [5, 7, 12, 18, 30, 31, 69]}