{"target_draw": 863, "epoch": 36, "loss": 0.1278066635131836, "matches": 4, "stability": "4/7", "lr": 0.0010000000474974513, "predicted_7": [5, 11, 12, 20, 25, 31, 69]}