{"target_draw": 863, "epoch": 93, "loss": 0.05011148005723953, "matches": 3, "stability": "6/7", "lr": 0.0010000000474974513, "predicted_7": [5, 7, 11, 12, 18, 30, 69]}