{"target_draw": 863, "epoch": 83, "loss": 0.05582285672426224, "matches": 3, "stability": "6/7", "lr": 0.0010000000474974513, "predicted_7": [5, 11, 12, 18, 30, 31, 69]}