{"target_draw": 863, "epoch": 44, "loss": 0.1141975000500679, "matches": 3, "stability": "6/7", "lr": 0.0010000000474974513, "predicted_7": [5, 11, 12, 18, 20, 31, 69]}