{"target_draw": 863, "epoch": 650, "loss": 0.00011679156887112185, "matches": 2, "stability": "7/7", "lr": 0.0005000000237487257, "predicted_7": [5, 12, 18, 20, 30, 31, 69]}