{"target_draw": 863, "epoch": 1, "loss": 0.20913709700107574, "matches": 3, "stability": "0/7", "lr": 0.0010000000474974513, "predicted_7": [7, 11, 18, 20, 22, 66, 69]}