{"target_draw": 863, "epoch": 71, "loss": 0.07025150954723358, "matches": 3, "stability": "6/7", "lr": 0.0010000000474974513, "predicted_7": [5, 7, 12, 18, 25, 31, 69]}