{"target_draw": 863, "epoch": 28, "loss": 0.14461033046245575, "matches": 3, "stability": "5/7", "lr": 0.0010000000474974513, "predicted_7": [5, 11, 12, 18, 20, 66, 69]}