{"target_draw": 863, "epoch": 63, "loss": 0.08249638229608536, "matches": 3, "stability": "6/7", "lr": 0.0010000000474974513, "predicted_7": [5, 7, 12, 18, 25, 31, 69]}