{"target_draw": 863, "epoch": 750, "loss": 5.2128747483948246e-05, "matches": 2, "stability": "7/7", "lr": 0.0005000000237487257, "predicted_7": [5, 12, 18, 20, 30, 31, 69]}