{"target_draw": 863, "epoch": 200, "loss": 0.004927508533000946, "matches": 1, "stability": "7/7", "lr": 0.0010000000474974513, "predicted_7": [5, 7, 12, 18, 20, 30, 31]}