{"target_draw": 863, "epoch": 150, "loss": 0.012275810353457928, "matches": 1, "stability": "7/7", "lr": 0.0010000000474974513, "predicted_7": [5, 7, 12, 18, 20, 30, 31]}