{"target_draw": 863, "epoch": 250, "loss": 0.002501207869499922, "matches": 2, "stability": "7/7", "lr": 0.0005000000237487257, "predicted_7": [5, 7, 12, 18, 30, 31, 69]}