{"target_draw": 863, "epoch": 23, "loss": 0.25437161326408386, "matches": 3, "stability": "1/7", "lr": 0.0010000000474974513, "predicted_7": [11, 18, 19, 22, 64, 66, 69]}