{"target_draw": 863, "epoch": 500, "loss": 0.00038506792043335736, "matches": 2, "stability": "7/7", "lr": 0.0005000000237487257, "predicted_7": [5, 12, 18, 20, 30, 31, 69]}