{"target_draw": 863, "epoch": 56, "loss": 0.0943053662776947, "matches": 3, "stability": "6/7", "lr": 0.0010000000474974513, "predicted_7": [5, 7, 11, 12, 18, 46, 69]}