{"target_draw": 863, "epoch": 9, "loss": 0.18568098545074463, "matches": 3, "stability": "4/7", "lr": 0.0010000000474974513, "predicted_7": [11, 20, 22, 38, 46, 66, 69]}