{"target_draw": 863, "epoch": 109, "loss": 0.03392954170703888, "matches": 3, "stability": "6/7", "lr": 0.0010000000474974513, "predicted_7": [5, 7, 11, 12, 18, 30, 69]}